timestamp,http_code
2026-02-24 23:49:18,200
2026-02-24 23:49:19,404
2026-02-24 23:49:21,301
2026-02-24 23:49:22,200
2026-02-24 23:49:23,200
2026-02-24 23:49:25,200
2026-02-24 23:49:26,400
2026-02-24 23:49:27,500
2026-02-24 23:49:29,200
2026-02-24 23:49:30,301
2026-02-24 23:49:31,500
2026-02-24 23:49:33,200
2026-02-24 23:49:34,404
2026-02-24 23:49:35,403
2026-02-24 23:49:37,200
2026-02-24 23:49:38,200
2026-02-24 23:49:39,301
2026-02-24 23:49:41,200
2026-02-24 23:49:42,200
2026-02-24 23:49:43,200
2026-02-24 23:49:44,200
2026-02-24 23:49:46,500
2026-02-24 23:49:47,400
2026-02-24 23:49:48,400
2026-02-24 23:49:50,200
2026-02-24 23:49:51,500
2026-02-24 23:49:52,403
2026-02-24 23:49:54,200
2026-02-24 23:49:55,200
2026-02-24 23:49:56,403
2026-02-24 23:49:58,500
2026-02-24 23:49:59,500
2026-02-24 23:50:00,200
2026-02-24 23:50:01,400
2026-02-24 23:50:03,200
2026-02-24 23:50:04,500
2026-02-24 23:50:05,200
2026-02-24 23:50:07,500
2026-02-24 23:50:08,200
2026-02-24 23:50:09,400
2026-02-24 23:50:11,403
2026-02-24 23:50:12,200
2026-02-24 23:50:13,301
2026-02-24 23:50:15,200
2026-02-24 23:50:16,301
2026-02-24 23:50:17,403
2026-02-24 23:50:18,200
2026-02-24 23:50:20,200
2026-02-24 23:50:21,500
2026-02-24 23:50:22,301
2026-02-24 23:50:24,500
2026-02-24 23:50:25,400
2026-02-24 23:50:26,200
2026-02-24 23:50:28,500
2026-02-24 23:50:29,400
2026-02-24 23:50:30,200
2026-02-24 23:50:32,403
2026-02-24 23:50:33,200
2026-02-24 23:50:34,200
2026-02-24 23:50:36,200
2026-02-24 23:50:37,403
2026-02-24 23:50:38,404
2026-02-24 23:50:39,404
2026-02-24 23:50:41,200
2026-02-24 23:50:42,200
2026-02-24 23:50:43,200
2026-02-24 23:50:45,404
2026-02-24 23:50:46,404
2026-02-24 23:50:47,500
2026-02-24 23:50:49,404
2026-02-24 23:50:50,200
2026-02-24 23:50:51,301
2026-02-24 23:50:53,200
2026-02-24 23:50:54,403
2026-02-24 23:50:55,301
2026-02-24 23:50:57,403
2026-02-24 23:50:58,500
2026-02-24 23:50:59,200
2026-02-24 23:51:00,400
2026-02-24 23:51:02,404
2026-02-24 23:51:03,200
2026-02-24 23:51:04,403
2026-02-24 23:51:06,400
2026-02-24 23:51:07,200
2026-02-24 23:51:08,200
2026-02-24 23:51:10,301
2026-02-24 23:51:11,403
2026-02-24 23:51:12,200
2026-02-24 23:51:14,500
2026-02-24 23:51:15,403
2026-02-24 23:51:16,500
2026-02-24 23:51:18,403
2026-02-24 23:51:19,400
2026-02-24 23:51:20,200
2026-02-24 23:51:21,200
2026-02-24 23:51:23,301
2026-02-24 23:51:24,400
2026-02-24 23:51:25,200
2026-02-24 23:51:27,200
2026-02-24 23:51:28,404
2026-02-24 23:51:29,200
2026-02-24 23:51:31,200
2026-02-24 23:51:32,400
2026-02-24 23:51:33,400
2026-02-24 23:51:35,200
2026-02-24 23:51:36,200
2026-02-24 23:51:37,200
2026-02-24 23:51:38,200
2026-02-24 23:51:40,404
2026-02-24 23:51:41,200
2026-02-24 23:51:42,200
2026-02-24 23:51:44,200
2026-02-24 23:51:45,301
2026-02-24 23:51:46,403
2026-02-24 23:51:48,404
2026-02-24 23:51:49,301
2026-02-24 23:51:50,404
2026-02-24 23:51:52,301
2026-02-24 23:51:53,403
2026-02-24 23:51:54,500
